{"A":{"0":87.2690027853,"1":29.6281946121,"2":63.4217582332,"3":80.9375368321,"4":82.7861015819,"5":81.4837580103,"6":14.7524998284,"7":52.9614890604,"8":50.2016017338,"9":41.9031683083,"10":79.7568392425,"11":99.4299188364,"12":30.8957644752,"13":12.3538366632,"14":19.0210973255,"15":45.4979455233,"16":36.7684118005,"17":47.2499509587,"18":14.9180175816,"19":34.0535296419,"20":36.7962956735,"21":10.3613116643,"22":78.853647934,"23":23.6856663401,"24":8.6377660301,"25":58.6767585116,"26":53.7839867952,"27":84.7515028942,"28":24.6203671736,"29":6.5185954485,"30":26.2192907027,"31":13.7670340215,"32":77.7273652675,"33":6.6428271038,"34":3.873317733,"35":76.688173718,"36":89.0626884445,"37":17.8034157646,"38":6.1346801283,"39":62.3702422569,"40":46.3913762206,"41":56.7609797695,"42":86.266082538,"43":50.2018486316,"44":39.9071688114,"45":69.2422669058,"46":35.8294177782,"47":31.3381552782,"48":12.9587460006,"49":0.7215580785,"50":96.126579075,"51":15.6344083835,"52":98.7596536376,"53":23.648377457,"54":85.2490951876,"55":71.0030813583,"56":69.6114705756,"57":80.1450358763,"58":40.256096814,"59":80.2123265677,"60":56.4119103842,"61":93.8913765019,"62":4.0112905547,"63":87.4103833391,"64":96.7526727207,"65":96.3986474887,"66":4.8402491465,"67":15.1622536632,"68":7.368669201,"69":57.7235077247,"70":48.0757141919,"71":58.3064237797,"72":7.4742397313,"73":36.2259210193,"74":17.6794755756,"75":8.5893164376,"76":14.8785508819,"77":43.1843378398,"78":31.9533199955,"79":3.6085997774,"80":80.3666277477,"81":91.800128959,"82":10.3138863943,"83":72.54854921,"84":49.0262802054,"85":94.0748777838,"86":41.2607337224,"87":93.310600818,"88":90.9312774498,"89":43.5386531615,"90":74.6527157274,"91":20.8554167785,"92":18.6482899227,"93":97.6072841771,"94":95.4166803585,"95":64.9635403324,"96":24.9823271045,"97":42.6000805832,"98":74.0717196951,"99":39.9881178846},"B":{"0":65.2055587732,"1":19.7173354468,"2":49.5374272523,"3":8.1074447932,"4":53.7265490545,"5":83.6264204493,"6":13.4205615672,"7":62.8851047632,"8":13.5229236391,"9":24.6908083251,"10":27.102912158,"11":25.3474792734,"12":95.4363468468,"13":78.095231272,"14":47.3052482296,"15":50.8034199446,"16":14.4134974861,"17":20.3880840144,"18":72.7812169278,"19":60.5505768599,"20":73.4375620803,"21":48.5911223937,"22":69.3154977454,"23":8.9860653207,"24":73.1800991592,"25":97.5565059319,"26":39.6970928944,"27":23.4975813435,"28":4.3497875009,"29":97.0168152762,"30":70.2908435508,"31":50.937964484,"32":45.0098489433,"33":9.1677802747,"34":71.1657882866,"35":55.8390232622,"36":8.714941308,"37":34.6032483756,"38":35.5625601474,"39":59.7433419417,"40":30.509949454,"41":34.6689218187,"42":2.7130752818,"43":92.2139148767,"44":19.7695504312,"45":70.1003066234,"46":12.2810082654,"47":33.6969539431,"48":97.8123770674,"49":8.5289328886,"50":73.2903896588,"51":58.9527863448,"52":86.2442577369,"53":87.8602199778,"54":95.2805702297,"55":91.3736516041,"56":22.868637767,"57":53.1025692351,"58":0.1187048468,"59":7.7385699872,"60":37.1576499741,"61":57.6144468789,"62":4.2997782059,"63":39.0272981136,"64":84.1227828959,"65":62.3270070139,"66":11.4131989214,"67":54.843446572,"68":1.1318519656,"69":69.5763637694,"70":56.7629620724,"71":87.8234934275,"72":92.0348026791,"73":43.4938314209,"74":20.4821102197,"75":44.3162286466,"76":72.2850390674,"77":36.8512861936,"78":30.5703540914,"79":82.2394919022,"80":55.3997458675,"81":63.1576776389,"82":40.3817013109,"83":54.5929964946,"84":48.1019481221,"85":42.2063845677,"86":7.5041775449,"87":87.3121837162,"88":74.9308736169,"89":82.6875695328,"90":59.6774468433,"91":42.570976844,"92":45.8958411729,"93":25.8027122884,"94":69.381572989,"95":44.1634181912,"96":88.9120406622,"97":57.4377478121,"98":35.3631637723,"99":29.787795929},"C":{"0":39.5258680521,"1":67.1619141392,"2":84.5381872917,"3":75.7104522945,"4":34.7106349779,"5":16.902813664,"6":78.8531418,"7":64.1415064186,"8":29.140794565,"9":73.8810148896,"10":93.1286139154,"11":79.2622304336,"12":64.0330002691,"13":27.1731266733,"14":74.3342101963,"15":25.8688190581,"16":91.9369798988,"17":51.0213322552,"18":0.3853224247,"19":14.8935757091,"20":26.7515734889,"21":75.3493016831,"22":42.8879529225,"23":6.6723407413,"24":47.524498636,"25":22.7375985826,"26":50.2424264922,"27":7.1122940956,"28":23.2820419937,"29":47.7861177544,"30":13.2500632866,"31":84.0874695329,"32":10.7454372913,"33":5.4331374206,"34":73.627238938,"35":3.740135222,"36":36.4075885078,"37":36.4014394733,"38":68.2015725964,"39":81.9975837064,"40":5.0182033767,"41":32.6066859052,"42":67.3067100597,"43":38.3310375194,"44":61.3734167489,"45":5.4862360594,"46":19.7743091572,"47":11.4766198918,"48":9.010539446,"49":99.449381537,"50":20.6158102389,"51":48.4335969265,"52":87.3471497007,"53":70.4285184574,"54":74.5902904477,"55":26.8348210532,"56":72.9372107521,"57":34.8749484201,"58":65.313419824,"59":81.4177336803,"60":14.6681003456,"61":86.5588132255,"62":10.3142818552,"63":20.050360241,"64":59.7890216105,"65":64.614174329,"66":84.8563492279,"67":69.1925731642,"68":43.8919494747,"69":58.9724676427,"70":79.4012826324,"71":94.108128625,"72":33.7510407166,"73":91.2073236915,"74":65.2667026327,"75":2.4897056293,"76":20.6756045168,"77":2.2091827165,"78":28.6689350339,"79":78.8552755298,"80":33.7005152547,"81":80.7874814933,"82":5.4673623753,"83":2.5792423005,"84":32.6306424545,"85":1.3970642361,"86":38.6810331692,"87":2.6308450049,"88":55.5390403098,"89":60.2046478001,"90":66.6014253696,"91":65.8028147328,"92":44.4141947813,"93":2.0130273912,"94":79.4004395482,"95":59.8282403765,"96":73.3536793849,"97":9.4902745409,"98":69.0682092489,"99":18.9535062031},"D":{"0":65.3146155458,"1":60.3664179239,"2":64.6876379455,"3":73.7534346561,"4":64.2485340662,"5":1.841475274,"6":92.7959966307,"7":28.8037296565,"8":32.8365126501,"9":51.3067071523,"10":80.6738232335,"11":76.0324911906,"12":20.5067642091,"13":7.5111588426,"14":59.1592009337,"15":88.8570080168,"16":24.0730904654,"17":44.6471823766,"18":20.4294877312,"19":18.3038728329,"20":13.2585073206,"21":46.4874287284,"22":24.1500074068,"23":45.1377359616,"24":9.1074992487,"25":52.7444664994,"26":32.9208114652,"27":90.3944970833,"28":34.4460816038,"29":74.7021375801,"30":36.204486736,"31":78.0775142711,"32":35.0032582262,"33":1.1760749441,"34":13.0207500971,"35":70.6414722324,"36":36.1266185416,"37":55.1751471698,"38":7.8511547851,"39":47.6377489105,"40":49.0743033275,"41":92.527574961,"42":55.8697716066,"43":88.0624592297,"44":52.0710405532,"45":95.8226220175,"46":16.7099692635,"47":25.4996560254,"48":48.4397556464,"49":36.2545055787,"50":14.5645278715,"51":28.0875018428,"52":53.8062530316,"53":71.4535766344,"54":39.0921645176,"55":81.837395307,"56":15.8839295944,"57":15.9003248533,"58":4.2368240071,"59":31.5103410321,"60":88.2305206571,"61":32.8352311305,"62":42.7606367062,"63":61.6739237659,"64":64.065883819,"65":6.5525840544,"66":4.7353348495,"67":94.7642105153,"68":58.9969944519,"69":93.8463677888,"70":3.3173945738,"71":51.6756480902,"72":82.6347621704,"73":85.2169343587,"74":84.9916732415,"75":44.9210522906,"76":48.6966516331,"77":21.3488167049,"78":22.3094504928,"79":32.9720917357,"80":3.1523773995,"81":99.7680115587,"82":0.2701989304,"83":70.901687362,"84":52.2574483043,"85":94.3118506988,"86":43.1850146963,"87":12.3364819089,"88":78.5395087735,"89":25.2622812328,"90":47.002714149,"91":41.9915981873,"92":26.2153064442,"93":83.5826914693,"94":96.5459914018,"95":33.8747036078,"96":54.5073409578,"97":92.4176158551,"98":0.8952508694,"99":88.9643684915},"E":{"0":29.7017915584,"1":36.5824243635,"2":56.4419429762,"3":1.4625513388,"4":55.0328547843,"5":3.3476052483,"6":96.7489472251,"7":4.9450899954,"8":84.9666455952,"9":39.9103557703,"10":49.6189160092,"11":27.2083871646,"12":79.1612390788,"13":30.8530419239,"14":96.7165122448,"15":21.8773342909,"16":10.5159354646,"17":90.4420603844,"18":90.4162634188,"19":98.2837379901,"20":24.2466844184,"21":51.5566871855,"22":99.4311959886,"23":0.3948340566,"24":40.9876605573,"25":42.1689020482,"26":81.8400846953,